filename,object_location,image_small,image_thumb
210a.jpg,/objects/210a.jpg,/objects/small/210a_sm.jpg,/objects/thumbs/210a_th.jpg
210b.jpg,/objects/210b.jpg,/objects/small/210b_sm.jpg,/objects/thumbs/210b_th.jpg
89-1163.jpg,/objects/89-1163.jpg,/objects/small/89-1163_sm.jpg,/objects/thumbs/89-1163_th.jpg
89-1164.jpg,/objects/89-1164.jpg,/objects/small/89-1164_sm.jpg,/objects/thumbs/89-1164_th.jpg
89-1165.jpg,/objects/89-1165.jpg,/objects/small/89-1165_sm.jpg,/objects/thumbs/89-1165_th.jpg
89-1166.jpg,/objects/89-1166.jpg,/objects/small/89-1166_sm.jpg,/objects/thumbs/89-1166_th.jpg
89-1167.jpg,/objects/89-1167.jpg,/objects/small/89-1167_sm.jpg,/objects/thumbs/89-1167_th.jpg
89-1168.jpg,/objects/89-1168.jpg,/objects/small/89-1168_sm.jpg,/objects/thumbs/89-1168_th.jpg
89-1169.jpg,/objects/89-1169.jpg,/objects/small/89-1169_sm.jpg,/objects/thumbs/89-1169_th.jpg
89-1170.jpg,/objects/89-1170.jpg,/objects/small/89-1170_sm.jpg,/objects/thumbs/89-1170_th.jpg
89-1171.jpg,/objects/89-1171.jpg,/objects/small/89-1171_sm.jpg,/objects/thumbs/89-1171_th.jpg
89-1172.jpg,/objects/89-1172.jpg,/objects/small/89-1172_sm.jpg,/objects/thumbs/89-1172_th.jpg
89-1173.jpg,/objects/89-1173.jpg,/objects/small/89-1173_sm.jpg,/objects/thumbs/89-1173_th.jpg
89-1174.jpg,/objects/89-1174.jpg,/objects/small/89-1174_sm.jpg,/objects/thumbs/89-1174_th.jpg
89-1175.jpg,/objects/89-1175.jpg,/objects/small/89-1175_sm.jpg,/objects/thumbs/89-1175_th.jpg
89-1176.jpg,/objects/89-1176.jpg,/objects/small/89-1176_sm.jpg,/objects/thumbs/89-1176_th.jpg
89-1177.jpg,/objects/89-1177.jpg,/objects/small/89-1177_sm.jpg,/objects/thumbs/89-1177_th.jpg
89-1178.jpg,/objects/89-1178.jpg,/objects/small/89-1178_sm.jpg,/objects/thumbs/89-1178_th.jpg
89-1179.jpg,/objects/89-1179.jpg,/objects/small/89-1179_sm.jpg,/objects/thumbs/89-1179_th.jpg
89-1180.jpg,/objects/89-1180.jpg,/objects/small/89-1180_sm.jpg,/objects/thumbs/89-1180_th.jpg
89-1181.jpg,/objects/89-1181.jpg,/objects/small/89-1181_sm.jpg,/objects/thumbs/89-1181_th.jpg
89-1182.jpg,/objects/89-1182.jpg,/objects/small/89-1182_sm.jpg,/objects/thumbs/89-1182_th.jpg
89-1183.jpg,/objects/89-1183.jpg,/objects/small/89-1183_sm.jpg,/objects/thumbs/89-1183_th.jpg
89-1184.jpg,/objects/89-1184.jpg,/objects/small/89-1184_sm.jpg,/objects/thumbs/89-1184_th.jpg
89-1185.jpg,/objects/89-1185.jpg,/objects/small/89-1185_sm.jpg,/objects/thumbs/89-1185_th.jpg
89-1186.jpg,/objects/89-1186.jpg,/objects/small/89-1186_sm.jpg,/objects/thumbs/89-1186_th.jpg
89-1187.jpg,/objects/89-1187.jpg,/objects/small/89-1187_sm.jpg,/objects/thumbs/89-1187_th.jpg
89-1188.jpg,/objects/89-1188.jpg,/objects/small/89-1188_sm.jpg,/objects/thumbs/89-1188_th.jpg
89-1189.jpg,/objects/89-1189.jpg,/objects/small/89-1189_sm.jpg,/objects/thumbs/89-1189_th.jpg
89-1190.jpg,/objects/89-1190.jpg,/objects/small/89-1190_sm.jpg,/objects/thumbs/89-1190_th.jpg
89-1191.jpg,/objects/89-1191.jpg,/objects/small/89-1191_sm.jpg,/objects/thumbs/89-1191_th.jpg
89-1192.jpg,/objects/89-1192.jpg,/objects/small/89-1192_sm.jpg,/objects/thumbs/89-1192_th.jpg
89-1193.jpg,/objects/89-1193.jpg,/objects/small/89-1193_sm.jpg,/objects/thumbs/89-1193_th.jpg
89-1194.jpg,/objects/89-1194.jpg,/objects/small/89-1194_sm.jpg,/objects/thumbs/89-1194_th.jpg
89-1195.jpg,/objects/89-1195.jpg,/objects/small/89-1195_sm.jpg,/objects/thumbs/89-1195_th.jpg
89-1196.jpg,/objects/89-1196.jpg,/objects/small/89-1196_sm.jpg,/objects/thumbs/89-1196_th.jpg
89-1197.jpg,/objects/89-1197.jpg,/objects/small/89-1197_sm.jpg,/objects/thumbs/89-1197_th.jpg
89-1198.jpg,/objects/89-1198.jpg,/objects/small/89-1198_sm.jpg,/objects/thumbs/89-1198_th.jpg
89-1199.jpg,/objects/89-1199.jpg,/objects/small/89-1199_sm.jpg,/objects/thumbs/89-1199_th.jpg
89-1200.jpg,/objects/89-1200.jpg,/objects/small/89-1200_sm.jpg,/objects/thumbs/89-1200_th.jpg
89-1201.jpg,/objects/89-1201.jpg,/objects/small/89-1201_sm.jpg,/objects/thumbs/89-1201_th.jpg
89-1202.jpg,/objects/89-1202.jpg,/objects/small/89-1202_sm.jpg,/objects/thumbs/89-1202_th.jpg
89-1203.jpg,/objects/89-1203.jpg,/objects/small/89-1203_sm.jpg,/objects/thumbs/89-1203_th.jpg
89-1204.jpg,/objects/89-1204.jpg,/objects/small/89-1204_sm.jpg,/objects/thumbs/89-1204_th.jpg
89-1205.jpg,/objects/89-1205.jpg,/objects/small/89-1205_sm.jpg,/objects/thumbs/89-1205_th.jpg
89-1206.jpg,/objects/89-1206.jpg,/objects/small/89-1206_sm.jpg,/objects/thumbs/89-1206_th.jpg
89-1207.jpg,/objects/89-1207.jpg,/objects/small/89-1207_sm.jpg,/objects/thumbs/89-1207_th.jpg
89-1208.jpg,/objects/89-1208.jpg,/objects/small/89-1208_sm.jpg,/objects/thumbs/89-1208_th.jpg
89-1209.jpg,/objects/89-1209.jpg,/objects/small/89-1209_sm.jpg,/objects/thumbs/89-1209_th.jpg
89-1210.jpg,/objects/89-1210.jpg,/objects/small/89-1210_sm.jpg,/objects/thumbs/89-1210_th.jpg
89-1211.jpg,/objects/89-1211.jpg,/objects/small/89-1211_sm.jpg,/objects/thumbs/89-1211_th.jpg
89-1212.jpg,/objects/89-1212.jpg,/objects/small/89-1212_sm.jpg,/objects/thumbs/89-1212_th.jpg
89-1214.jpg,/objects/89-1214.jpg,/objects/small/89-1214_sm.jpg,/objects/thumbs/89-1214_th.jpg
89-1215.jpg,/objects/89-1215.jpg,/objects/small/89-1215_sm.jpg,/objects/thumbs/89-1215_th.jpg
89-1216.jpg,/objects/89-1216.jpg,/objects/small/89-1216_sm.jpg,/objects/thumbs/89-1216_th.jpg
89-1217.jpg,/objects/89-1217.jpg,/objects/small/89-1217_sm.jpg,/objects/thumbs/89-1217_th.jpg
89-1218.jpg,/objects/89-1218.jpg,/objects/small/89-1218_sm.jpg,/objects/thumbs/89-1218_th.jpg
89-1219.jpg,/objects/89-1219.jpg,/objects/small/89-1219_sm.jpg,/objects/thumbs/89-1219_th.jpg
89-1220.jpg,/objects/89-1220.jpg,/objects/small/89-1220_sm.jpg,/objects/thumbs/89-1220_th.jpg
89-1221.jpg,/objects/89-1221.jpg,/objects/small/89-1221_sm.jpg,/objects/thumbs/89-1221_th.jpg
89-1222.jpg,/objects/89-1222.jpg,/objects/small/89-1222_sm.jpg,/objects/thumbs/89-1222_th.jpg
89-1223.jpg,/objects/89-1223.jpg,/objects/small/89-1223_sm.jpg,/objects/thumbs/89-1223_th.jpg
89-1224.jpg,/objects/89-1224.jpg,/objects/small/89-1224_sm.jpg,/objects/thumbs/89-1224_th.jpg
89-1225.jpg,/objects/89-1225.jpg,/objects/small/89-1225_sm.jpg,/objects/thumbs/89-1225_th.jpg
89-1226.jpg,/objects/89-1226.jpg,/objects/small/89-1226_sm.jpg,/objects/thumbs/89-1226_th.jpg
89-1227.jpg,/objects/89-1227.jpg,/objects/small/89-1227_sm.jpg,/objects/thumbs/89-1227_th.jpg
89-1228.jpg,/objects/89-1228.jpg,/objects/small/89-1228_sm.jpg,/objects/thumbs/89-1228_th.jpg
89-1229.jpg,/objects/89-1229.jpg,/objects/small/89-1229_sm.jpg,/objects/thumbs/89-1229_th.jpg
89-1230.jpg,/objects/89-1230.jpg,/objects/small/89-1230_sm.jpg,/objects/thumbs/89-1230_th.jpg
89-1231.jpg,/objects/89-1231.jpg,/objects/small/89-1231_sm.jpg,/objects/thumbs/89-1231_th.jpg
89-1232.jpg,/objects/89-1232.jpg,/objects/small/89-1232_sm.jpg,/objects/thumbs/89-1232_th.jpg
89-1233.jpg,/objects/89-1233.jpg,/objects/small/89-1233_sm.jpg,/objects/thumbs/89-1233_th.jpg
89-1234.jpg,/objects/89-1234.jpg,/objects/small/89-1234_sm.jpg,/objects/thumbs/89-1234_th.jpg
89-1235.jpg,/objects/89-1235.jpg,/objects/small/89-1235_sm.jpg,/objects/thumbs/89-1235_th.jpg
89-1236.jpg,/objects/89-1236.jpg,/objects/small/89-1236_sm.jpg,/objects/thumbs/89-1236_th.jpg
89-1237.jpg,/objects/89-1237.jpg,/objects/small/89-1237_sm.jpg,/objects/thumbs/89-1237_th.jpg
89-1238.jpg,/objects/89-1238.jpg,/objects/small/89-1238_sm.jpg,/objects/thumbs/89-1238_th.jpg
89-1239.jpg,/objects/89-1239.jpg,/objects/small/89-1239_sm.jpg,/objects/thumbs/89-1239_th.jpg
89-1240.jpg,/objects/89-1240.jpg,/objects/small/89-1240_sm.jpg,/objects/thumbs/89-1240_th.jpg
89-1241.jpg,/objects/89-1241.jpg,/objects/small/89-1241_sm.jpg,/objects/thumbs/89-1241_th.jpg
89-1242.jpg,/objects/89-1242.jpg,/objects/small/89-1242_sm.jpg,/objects/thumbs/89-1242_th.jpg
89-1243.jpg,/objects/89-1243.jpg,/objects/small/89-1243_sm.jpg,/objects/thumbs/89-1243_th.jpg
demo_001.jpg,/objects/demo_001.jpg,/objects/small/demo_001_sm.jpg,/objects/thumbs/demo_001_th.jpg
demo_002.pdf,/objects/demo_002.pdf,/objects/small/demo_002_sm.jpg,/objects/thumbs/demo_002_th.jpg
demo_003.mp3,/objects/demo_003.mp3,,
demo_004.jpg,/objects/demo_004.jpg,/objects/small/demo_004_sm.jpg,/objects/thumbs/demo_004_th.jpg
demo_005.txt,/objects/demo_005.txt,,
demo_012.md,/objects/demo_012.md,,
hells_half_theta.jpg,/objects/hells_half_theta.jpg,/objects/small/hells_half_theta_sm.jpg,/objects/thumbs/hells_half_theta_th.jpg
hughes_article.png,/objects/hughes_article.png,/objects/small/hughes_article_sm.jpg,/objects/thumbs/hughes_article_th.jpg
